Name,TSR,AoA,AngularSpeed
e642,2.40506,1.23948,32.06747
goe517,2.46285,-3.35551,32.838
isa961,1.87947,-2.79212,25.0596
goe188,5.47538,-8.28345,73.00507
be50,1.12768,-0.87725,15.03573
vr1,2.94092,0.80539,39.21227
ah7476,2.40522,-8.61014,32.0696
usnps4,3.04996,-4.89649,40.66613
m16,3.07027,7.5543,40.93693
n11,4.58078,9.13122,61.07707
goe187,1.87747,9.86974,25.03293
goe614,0.75591,-5.67973,10.0788
naca0024,5.45542,-5.81661,72.73893
hh02,4.58422,1.32161,61.12293
e330,0.64494,-8.68523,8.5992
goe274,2.48096,8.68105,33.07947
rg1410,3.43882,1.84482,45.85093
goe533,1.68995,-1.10725,22.53267
goe383,2.55855,2.42658,34.114
goe495,5.2933,2.68004,70.57733
dfvlrr4,1.82293,-4.92635,24.30573
fx73cl1152,3.38921,8.62396,45.18947
e182,2.33821,6.40192,31.17613
la2573a,4.28835,-5.96896,57.178
goe274,0.92442,-4.22914,12.3256
sa7036,4.21661,-8.91497,56.22147
fx84w140,1.551,9.53117,20.68
usa27m2,2.58888,8.4016,34.5184
goe533,4.93213,5.84559,65.76173
e551,3.70704,1.92252,49.4272
goe628,4.06024,-4.90604,54.13653
goe116,2.23601,-4.13522,29.81347
goe413,1.56242,-9.0409,20.83227
supermarine371i,4.78353,6.30492,63.7804
goe654,5.14169,-6.90317,68.55587
v23010,3.25144,5.21893,43.35253
e562,2.92661,4.40933,39.02147
us1000root,3.24558,-7.25222,43.2744
goe320,0.71882,-3.12462,9.58427
e58,5.6069,-2.84764,74.75867
goe361,2.79042,5.8766,37.2056
hq2195,5.91065,-4.65562,78.80867
rg1410,0.91489,6.34202,12.19853
s808,2.34854,-8.3734,31.31387
giiii,1.47819,0.72284,19.7092
stcyr172,2.96919,-9.16299,39.5892
goe359,2.38948,-6.55271,31.85973
sd7043,0.70186,-5.22481,9.35813
goe504,0.91799,7.24943,12.23987
usa45,4.15009,-6.70172,55.33453
goe525,3.36812,2.4887,44.90827
b29tip,3.7706,-3.98188,50.27467
goe575,2.34824,7.07005,31.30987
mh94,2.05646,3.03838,27.41947
e207,2.54451,7.8213,33.9268
naca4421,5.02139,9.0781,66.95187
naca0021,5.50219,1.80887,73.36253
goe290,1.56881,0.55865,20.91747
goe375,2.14728,8.01087,28.6304
e344,4.02256,6.11808,53.63413
ls421mod,3.00802,-7.95465,40.10693
nlr1t,4.26932,0.44721,56.92427
mh26,5.26912,-8.78779,70.25493
e216,1.65638,5.87715,22.08507
goe304,1.6464,2.48513,21.952
ls421,1.59464,-2.96819,21.26187
goe301,5.40294,8.22806,72.0392
raf30md,1.97413,-6.23976,26.32173
wb13535sm,3.00836,0.27809,40.11147
e540,2.53092,-4.8251,33.7456
goe619,3.89251,8.55313,51.90013
goe514,2.50041,7.41658,33.3388
e334,1.17147,-7.53611,15.6196
e485,2.10814,-0.07347,28.10853
naca64206,3.84726,5.3068,51.2968
sa7026,1.85397,-2.49572,24.7196
s5020,2.04882,-5.00454,27.3176
hq1585,1.50746,7.00198,20.09947
goe769,3.65918,5.96852,48.78907
goe735,1.13473,4.58182,15.12973
goe363,2.85033,-7.28435,38.0044
goe775,0.87096,-4.04291,11.6128
ag19,3.43728,-9.73953,45.8304
goe336,5.77047,-8.165,76.9396
usa46,3.79254,2.31243,50.5672
rae102,2.3719,-3.97814,31.62533
goe176,3.10674,0.97925,41.4232
marske4,4.70561,1.35419,62.74147
usa41,4.83992,-7.23995,64.53227
n13,5.63281,7.25127,75.10413
lds2,5.38659,4.07609,71.8212
giiib,4.67698,6.70027,62.35973
eh1590,0.54504,1.55118,7.2672
goe366,1.91325,6.09245,25.51
dae11,5.04123,2.04147,67.2164
ms313,4.78279,2.34178,63.77053
mh18,4.26602,-1.12684,56.88027
goe497,0.53301,-6.11869,7.1068
goe116,3.54013,0.86537,47.20173
nlr7301,5.6979,6.15906,75.972
s1091,0.74068,-1.79059,9.87573
e818,1.51073,-8.32532,20.14307
ag35,2.41368,6.07468,32.1824
fx601261,5.98112,7.70562,79.74827
hq3015,0.87509,9.25991,11.66787
sc20712,1.95496,-0.08233,26.06613
nn7mk20,5.45457,2.29162,72.7276
e836,1.18839,9.18844,15.8452
isa571,4.07528,-0.5816,54.33707
goe563,2.73036,1.60358,36.4048
nacacyh,0.89603,8.3583,11.94707
e63,4.33691,3.00143,57.82547
isa960,1.41737,-8.56607,18.89827
ag24,1.67898,9.76811,22.3864
e376,1.3714,0.14503,18.28533
fx74130wp2mod,0.79294,7.19594,10.57253
m2,4.53085,-1.39313,60.41133
defcnd2,5.44756,2.28457,72.63413
usa35a,3.38957,7.90132,45.19427
vr5,4.21404,8.17817,56.1872
fx73cl1152,2.18601,-0.53293,29.1468
cp-180-050,1.58645,9.73933,21.15267
goe366,4.74741,-8.6486,63.2988
s806a,4.67082,7.76349,62.2776
goe559,0.77598,-7.5607,10.3464
s806a,3.32303,-2.11596,44.30707
m21,3.26355,-1.26047,43.514
a18,3.32556,3.52061,44.3408
rcsc2,2.83865,-3.67725,37.84867
ah80140,3.67874,3.9827,49.04987
rc510,5.96082,-7.07677,79.4776
raf89,1.74553,-3.50587,23.27373
n12,2.09113,3.15537,27.88173
eh2510,2.92224,2.87223,38.9632
hq17,3.60438,-4.70985,48.0584
rc1064c,1.26326,-4.90945,16.84347
s4110,1.18953,-9.51652,15.8604
fx71l150,0.77678,-3.22978,10.35707
goe373,0.57609,-7.99551,7.6812
fx72ls160,1.56572,-0.01687,20.87627
e874,3.66715,-1.83316,48.89533
ag24,0.87158,-0.85393,11.62107
e63,0.71646,7.60556,9.5528
goe115,0.78715,0.43387,10.49533
naca661212,3.28217,1.23008,43.76227
e1211,3.7388,3.91589,49.85067
e583,5.11497,5.58717,68.1996
e333,4.76959,8.07458,63.59453
goe389,1.2281,-4.28882,16.37467
b29root,1.85175,-7.5578,24.69
goe413,1.92325,5.14108,25.64333
s1223,5.59422,9.49369,74.5896
goe624,0.51225,-5.25919,6.83
sc20012,3.70243,-7.93324,49.36573
naca23021,1.64466,-7.51609,21.9288
lg10sc,3.76797,-2.59674,50.2396
vr11x,4.85472,-0.15777,64.7296
s6063,4.2458,-5.3625,56.61067
ag35,1.72489,-4.69691,22.99853
raf32,5.92142,-9.69706,78.95227
hq1010,1.1016,3.71423,14.688
e207,2.42387,-6.64974,32.31827
n64108,0.84281,9.87563,11.23747
sc20403,2.80343,-5.72389,37.37907
goe09k,3.04693,-9.10448,40.62573
e193,2.57418,-0.97098,34.3224
goe11k,0.7578,-3.76482,10.104
goe450,4.94283,0.50003,65.9044
goe571,0.9975,-3.26413,13.3
goe619,1.85439,-0.02686,24.7252
naca001264a08cli02,1.08422,-8.36905,14.45627
goe410,1.2413,-0.19396,16.55067
e856,2.10392,3.03417,28.05227
hq2510,5.57513,-6.78637,74.33507
wb140,2.79158,-3.09897,37.22107
ah79k135,4.03385,-6.96298,53.78467
usa27,3.96661,7.94907,52.88813
goe411,5.91582,-2.64737,78.8776
goe627,3.53169,8.03892,47.0892
goe210,4.58188,-1.25823,61.09173
s823,2.84146,-1.99348,37.88613
s8035,3.60575,1.43711,48.07667
ys915,4.14105,-4.54427,55.214
nacam6,3.24851,-1.76349,43.31347
goe389,3.10223,-3.7735,41.36307
naca66-018,1.74386,-0.77842,23.25147
ah80136,4.93496,-4.77497,65.79947
naca633218,4.26238,-2.79958,56.83173
naca2411,3.60036,-4.52716,48.0048
goe590,2.99671,2.26873,39.95613
ag12,2.17735,4.75644,29.03133
e1233,3.11356,-4.23355,41.51413
apex16,4.99218,-0.28914,66.5624
e211,4.34972,7.45905,57.99627
goe506,4.38795,7.91361,58.506
naca6412,3.34954,2.33466,44.66053
fx84w218,2.06024,2.43694,27.46987
goe770,1.67769,5.88045,22.3692
sc20410,0.69587,8.20687,9.27827
daytonwright6,4.32044,-1.26439,57.60587
goe417a,4.25498,5.97173,56.73307
s831,3.64762,-9.81236,48.63493
e214,0.58976,-5.07026,7.86347
e343,2.55463,-0.53064,34.06173
du84132v,1.87457,9.37954,24.99427
ma409,2.68504,-3.37797,35.80053
goe415,5.57244,-5.77662,74.2992
e836,2.68143,5.97347,35.7524
goe723,4.5634,-9.52323,60.84533
rhodesg36,5.9453,-1.94835,79.27067
doa5,3.4227,-8.64604,45.636
fx78k140a20,1.54753,-0.90912,20.63373
s3010,1.73152,-1.36349,23.08693
naca671215,2.87374,-0.29414,38.31653
goe242,5.54737,6.8155,73.96493
n0012,4.24996,-8.03576,56.66613
goe10k,4.8101,7.16522,64.13467
goe735,3.29141,-2.70217,43.88547
goe623,3.14777,-7.98932,41.97027
sc20606,4.50766,-3.54761,60.10213
goe116,5.24347,-1.435,69.91293
e678,5.69019,1.94337,75.8692
rg8,3.38506,-8.72779,45.13413
e748,4.98227,-9.6861,66.43027
hq158,1.46385,-4.47338,19.518
mb253515sm,5.67539,-6.95407,75.67187
fx60160,3.84244,0.19148,51.23253
goe508,4.3899,-5.36487,58.532
n9,1.79036,-9.07118,23.87147
goe303,5.0485,2.39377,67.31333
vr7,5.38111,-2.04777,71.74813
goe322,4.1441,6.72345,55.25467
goe770,5.53966,-8.38666,73.86213
c141f,3.04432,-1.16475,40.59093
fxl142k,1.97323,7.53395,26.30973
fxlv152,5.45966,-6.39926,72.79547
goe122,3.79812,-4.29181,50.6416
naca633018,3.25415,1.55731,43.38867
oaf139,4.07862,-9.01554,54.3816
sd7003,3.45967,6.37583,46.12893
goe648,4.08018,-2.91984,54.4024
goe178,4.30467,-7.90702,57.3956
hq309,5.02526,-1.65992,67.00347
n64212ma,4.00302,5.24466,53.3736
e664,2.05976,-8.27617,27.46347
goe776,3.93765,2.97513,52.502
goe133,1.26824,2.35865,16.90987
s3,1.30448,7.63093,17.39307
fx66196v,2.20629,0.47646,29.4172
goe318,5.92309,7.77585,78.97453
c141f,3.39073,-4.4991,45.20973
e550,4.77222,0.48592,63.6296
goe142,5.62709,0.74916,75.02787
e387,5.63422,-6.83745,75.12293
hs1404,4.38298,-8.79085,58.43973
goe100,1.81521,-0.81848,24.2028
e561,2.36334,7.82402,31.5112
fxs02196,5.48047,8.78381,73.07293
ag14,2.90366,-0.47181,38.71547
raf31,2.31736,3.97861,30.89813
s1223,3.64318,-2.6668,48.57573
s8025,1.9981,7.76414,26.64133
e379,1.73353,-5.56453,23.11373
fx68h120,0.60567,0.51067,8.0756
s826,5.65628,8.68923,75.41707
gs1,5.62191,8.43397,74.9588
goe655,4.69054,-1.2589,62.54053
sc20412,2.10966,-5.21951,28.1288
aquilasm,5.32525,0.15558,71.00333
naca16018,4.9087,-0.22405,65.44933
sg6040,2.05131,6.73768,27.3508
ea81006,3.24276,-8.35629,43.2368
raf33,2.12123,-2.66919,28.28307
goe403,4.47288,-7.22503,59.6384
e678,3.93422,1.82928,52.45627
goe765,2.21106,-3.95717,29.4808
eh2010,1.42583,8.60132,19.01107
falcon,4.98822,-3.53818,66.5096
ls413mod,1.64928,7.50459,21.9904
s3014,2.00785,2.34274,26.77133
goe494,2.65083,-8.21843,35.3444
goe368,2.69024,9.44843,35.86987
goe321,4.77131,-1.74735,63.61747
mh120,5.50932,7.83655,73.4576
m10,4.14907,3.99049,55.32093
e485,5.13627,5.7652,68.4836
giiij,3.70352,2.81216,49.38027
goe593,4.55707,5.58855,60.76093
ag18,3.81932,8.20133,50.92427
e642,3.82713,8.29022,51.0284
s818,2.00358,-7.70382,26.7144
defcnd3,4.04972,0.71059,53.99627
boe106,4.00466,2.34422,53.39547
c141e,5.1051,6.08288,68.068
hq3012,3.88522,-3.2629,51.80293
naca4412,2.11159,-8.83655,28.15453
clarkw,1.1407,-4.20963,15.20933
goe92,1.58936,4.55745,21.19147
goe300,2.72249,-4.47688,36.29987
e852,1.83401,-6.9175,24.45347
sc20606,2.15455,8.42186,28.72733
dsma523b,5.6608,7.3862,75.47733
goe433,2.51478,-8.25635,33.5304
vr8,4.2695,-0.51641,56.92667
kc135a,4.03744,-1.34317,53.83253
raf28,3.67799,-2.49748,49.03987
naca001066,2.79603,-5.93763,37.2804
sd7090,4.96494,-5.71932,66.1992
nplx,1.704,-0.31498,22.72
hs1712,5.21937,-4.40014,69.5916
giiik,1.34457,9.30344,17.9276
ht05,4.61167,9.06848,61.48893
fx66196v,4.15863,1.89296,55.4484
goe435,0.66368,-7.60668,8.84907
dga1182,4.69272,-2.88077,62.5696
s817,1.74303,-3.19594,23.2404
goe279,1.59413,5.88618,21.25507
goe430,0.81766,4.52777,10.90213
oa213,0.81075,1.48638,10.81
goe615,2.553,-1.67806,34.04
s821,3.88429,-7.87136,51.79053
goe559,2.32456,5.46466,30.99413
goe701,4.4513,9.03948,59.35067
ag17,5.57512,4.73752,74.33493
e63,5.31343,-1.72834,70.84573
goe497,2.09786,-1.12159,27.97147
e1212,2.8581,-8.77252,38.108
tempest3,4.06756,6.95065,54.23413
naca642415,1.75246,-1.42561,23.36613
glennmartin3,2.07232,0.10424,27.63093
ah79k143,1.08523,-0.20091,14.46973
n12,2.80239,-0.21183,37.3652
ms317,4.12492,-0.25657,54.99893
goe182,3.64646,-6.987,48.61947
goe420,2.49054,6.9175,33.2072
rc510,4.86176,1.51727,64.82347
fx60100,4.05416,8.02569,54.05547
naca64a010,5.05915,-9.36265,67.45533
goe416a,2.95778,5.79703,39.43707
ah81131,4.17913,9.65489,55.72173
sc2110,4.87311,-8.22399,64.9748
n2415,2.72856,4.51935,36.3808
goe364,1.25726,8.63125,16.76347
naca0008,2.33168,2.63441,31.08907
mh38,0.73421,6.25726,9.78947
hq259,0.60466,-4.08359,8.06213
goe121,3.49816,-4.44688,46.64213
ah88k130,2.36324,5.98288,31.50987
goe372,3.13302,-9.42212,41.7736
tempest3,3.01568,-1.4568,40.20907
goe319,4.27108,5.78597,56.94773
goe142,4.34662,-4.58865,57.95493
sc20706,1.59139,-2.28107,21.21853
c5d,1.62091,9.02271,21.61213
cap21c,1.73186,-6.18084,23.09147
fx6617a2,3.80062,3.63342,50.67493
sc20714,0.56519,5.86226,7.53587
goe318,2.62495,0.59141,34.99933
hq07,2.39447,0.23174,31.92627
e472,2.84008,7.5075,37.86773
goe324,4.87076,2.3594,64.94347
fx73cl1152,1.39765,-3.116,18.63533
e544,3.89742,7.78677,51.9656
s827,4.12456,-6.01258,54.99413
arad13,4.84541,6.62632,64.60547
coanda3,0.76433,1.26768,10.19107
rae5214,5.82224,-5.42297,77.62987
s4158,4.82896,5.94673,64.38613
hq259b,2.54776,-3.17568,33.97013
s8052,5.16878,-6.51676,68.91707
goe621,1.72097,-5.05998,22.94627
n5h20,4.67683,7.23831,62.35773
goe415,1.85772,-3.29966,24.7696
e583,2.61768,8.04458,34.9024
s102s,3.90264,5.87398,52.0352
sc20412,3.18888,1.80099,42.5184
goe335,5.54915,2.77557,73.98867
goe228,5.11729,1.48179,68.23053
goe187,0.53122,5.85243,7.08293
fxl142k,3.47434,7.46552,46.32453
fx60177,3.81867,-7.16097,50.9156
raf31,4.69186,8.48467,62.55813
usa27,3.71873,8.8725,49.58307
c141b,1.16674,8.24416,15.55653
vr12,4.79626,-4.93892,63.95013
rc10b3,4.51703,-8.85349,60.22707
ah79k143,3.1206,-1.85635,41.608
s802,3.4432,4.2774,45.90933
naca0024,0.85947,6.29185,11.4596
fx74080,3.37232,-6.30508,44.96427
e431,4.32902,2.51449,57.72027
sd7037,1.58519,4.03595,21.13587
goe400,4.0268,7.61988,53.69067
rae5215,4.82757,-1.68441,64.3676
ah95160,3.75612,4.04843,50.0816
mh18,3.41017,-0.49888,45.46893
goe81,1.54016,-0.95775,20.53547
sd2030,1.4917,7.85764,19.88933
mh116,1.02811,1.8431,13.70813
ag17,5.86152,1.8942,78.1536
raf26,2.88088,7.91783,38.41173
fx67k170,5.85989,-5.71294,78.13187
sc20404,3.05609,-2.09651,40.74787
sa7035,5.78867,-3.79494,77.18227
e604,2.05283,0.73489,27.37107
goe681,4.38013,2.52003,58.40173
e908,5.04751,4.43009,67.30013
e642,3.36349,1.05162,44.84653
fx63145,5.70572,9.10401,76.07627
wb140,0.72052,-8.18287,9.60693
naca000834,5.65236,-6.33992,75.3648
e340,0.51277,-5.05381,6.83693
goe404,3.98384,2.27319,53.11787
davis,2.76698,-7.67568,36.89307
e168,5.01339,1.13281,66.8452
s3014,2.11861,6.40899,28.24813
mh30,4.55374,0.24848,60.71653
ls413mod,1.30821,-0.42302,17.4428
m1,1.43931,-6.69129,19.1908
fx61163,2.49704,8.16285,33.29387
nlr1t,1.55927,5.21888,20.79027
ah93w174,5.46233,6.48691,72.83107
goe511,3.0242,-7.04555,40.32267
goe611,0.78362,9.2678,10.44827
ah82150f,4.31644,-5.15461,57.55253
be50,2.21555,-1.10314,29.54067
fx05188,2.8108,4.45818,37.47733
goe565,2.43607,3.76222,32.48093
goe410,3.51952,-4.45391,46.92693
goe795sm,5.39519,-2.24806,71.93587
kc135winglet,5.44523,-7.60706,72.60307
hq3513,1.89801,-5.69197,25.3068
dae11,1.45119,-2.24776,19.3492
goe383,5.85725,-3.27862,78.09667
fx62k131,3.47028,8.85361,46.2704
s823,4.0859,-7.02388,54.47867
dormoy,4.14605,7.35361,55.28067
goe681,1.12263,-3.94102,14.9684
sa7025,1.01854,7.199,13.58053
goe318,3.36047,8.2391,44.80627
dbln526,2.29284,-9.10849,30.5712
fx61147,2.02666,-1.82845,27.02213
goe116,1.81941,-6.91299,24.2588
ag10,1.95212,-6.16089,26.02827
sd7062,3.55728,0.62684,47.4304
b707d,1.11671,0.07179,14.88947
goe802b,4.41403,9.44811,58.85373
naca24112,5.92047,-0.49407,78.9396
s1014,3.84605,-7.06663,51.28067
goe723,0.77706,6.32481,10.3608
goe140,0.67937,0.7749,9.05827
eh3012,4.73312,1.66153,63.10827
goe566,3.19066,6.29188,42.54213
nn7mk20,3.95417,7.3261,52.72227
sc21006,4.93741,0.06465,65.83213
daytonwrightt1,4.62173,-2.96227,61.62307
naca001034,0.95265,6.38867,12.702
goe711,5.60864,1.38297,74.78187
s4095,3.04582,5.54072,40.61093
goe625,4.63292,6.6213,61.77227
pfcm,2.46524,-3.72331,32.86987
mh114,5.82275,4.26253,77.63667
s822,2.31057,3.83979,30.8076
curtisc72,3.07744,-3.25308,41.03253
goe244,2.72257,2.81242,36.30093
naca66206,4.84997,-3.23578,64.66627
ag19,3.23682,5.65532,43.1576
goe459,1.21397,0.9389,16.18627
ah81k144wfklappe,5.96186,-0.35751,79.49147
s4083,1.82674,-6.66819,24.35653
fx78pk188,5.82579,-1.76978,77.6772
s804,2.14836,-0.34197,28.6448
e231,4.31091,7.51661,57.4788
goe625,3.56563,8.29871,47.54173
goe528,3.25275,9.56872,43.37
m25,2.14982,-0.85751,28.66427
dsma523a,2.23208,0.00269,29.76107
goe342,4.95969,7.63296,66.1292
e604,5.6729,6.46133,75.63867
e340,1.34231,5.60144,17.89747
e377m,1.50228,2.93893,20.0304
sc20403,1.12114,9.80715,14.94853
naca651212a06,3.14209,-1.95242,41.89453
s6062,4.34667,6.81955,57.9556
fx75193,4.04913,-3.53391,53.9884
ht23,3.69326,-7.01952,49.24347
arad10,4.42532,7.85715,59.00427
goe434,0.51303,-7.89456,6.8404
rg15a111,3.44587,-2.0903,45.94493
ah82150f,1.70066,-7.23294,22.67547
sc20714,4.85379,-7.32253,64.7172
s7055,3.97452,1.81453,52.9936
goe278,5.08351,-0.36631,67.78013
naca16006,3.20116,0.97717,42.68213
sc20503,4.80277,2.43565,64.03693
rae69ck,2.28927,5.74171,30.5236
goe298,1.93136,-3.27248,25.75147
goe601,2.22074,-6.5226,29.60987
s2050,0.93979,5.31562,12.53053
goe769,0.68144,6.16593,9.08587
fx63143,5.00303,-1.96652,66.70707
s804,1.06304,-6.81895,14.17387
fx79w470a,0.5412,-0.30684,7.216
e376,1.87777,-9.87859,25.03693
rg12a,5.78657,0.65515,77.15427
e657,1.55844,6.71757,20.7792
rc10b3,4.05204,4.96889,54.0272
goe621,1.71208,-1.4673,22.82773
stf86361,5.602,-4.40489,74.69333
mh201,4.85059,8.32971,64.67453
e201,0.59916,4.99324,7.9888
naca2411,2.14065,-6.25882,28.542
n11,1.61554,2.02519,21.54053
goe133,4.47613,1.70822,59.68173
ht05,5.82017,-5.9426,77.60227
fx83w160,1.15302,-9.69596,15.3736
naca652415a05,2.96101,-8.82279,39.48013
rae104,0.81054,5.74693,10.8072
ag45c03,3.80338,-3.88382,50.71173
naca0024,4.30513,2.87562,57.40173
rhodesg36,0.62526,-6.8591,8.3368
goe380,3.7452,-8.01694,49.936
e544,1.79803,-4.22454,23.97373
n63215b,5.26421,-6.33588,70.18947
naca65209,4.36751,0.95014,58.23347
n64015,2.33473,4.24457,31.12973
mh18,0.97145,-8.36892,12.95267
as5045,1.57927,-2.10618,21.05693
goe575,4.72283,-2.26287,62.97107
goe421,3.77111,-1.37203,50.28147
goe629,4.40601,-5.89145,58.7468
lwk79100,5.99242,-7.39262,79.89893
rg15a213,5.682,-7.08076,75.76
s827,0.57872,-3.12746,7.71627
fx66s196,2.84079,3.15088,37.8772
e1210,5.75139,-0.98268,76.6852
hq2012,3.4512,-1.4998,46.016
fx38153,3.72378,-3.30518,49.6504
naca747a315,1.37857,1.11133,18.38093
goe528,5.09261,4.20078,67.90147
fx77w270,0.53504,5.17907,7.13387
goe621,4.9495,-7.88825,65.99333
rc08n1,1.7951,-4.84337,23.93467
rae100,4.22561,5.01654,56.34147
ah83150q,0.7324,0.11529,9.76533
naca662215,3.91644,-6.52759,52.2192
goe655,5.76478,6.08542,76.86373
arad10,5.48834,6.26439,73.17787
goe804,4.26638,5.20164,56.88507
s4094,2.04048,4.3989,27.2064
e326,5.27021,-6.72859,70.26947
fg3,3.99838,7.04859,53.31173
c141e,1.31497,-4.09327,17.53293
e387,1.00662,-5.62967,13.4216
goe426,0.53215,5.96129,7.09533
usa5,2.93771,9.11348,39.16947
goe677,2.40758,-6.90673,32.10107
goe803h,2.58446,-3.23305,34.45947
rg1495,1.53237,9.75359,20.4316
naca0015,1.98872,-5.26381,26.51627
k3311,5.38988,-1.45353,71.86507
lwk80100,1.72468,8.04372,22.99573
e554,3.51194,-5.01723,46.82587
rhodesg36,5.28603,6.48669,70.4804
cootie,4.75275,-8.76723,63.37
c5b,0.94888,-4.86661,12.65173
goe376,0.92262,-9.81041,12.3016
n6409,3.31464,9.4569,44.1952
ht08,2.05564,4.38727,27.40853
goe508,4.37963,2.30839,58.39507
curtisc72,1.0935,-3.8682,14.58
goe124,3.66519,-3.22886,48.8692
s3025,0.8995,9.54128,11.99333
ls413,4.43065,4.67278,59.07533
nacam18,4.4169,8.83085,58.892
naca001264a08cli02,2.31184,9.85454,30.82453
fx73k170,4.21452,7.77299,56.1936
goe775,3.09458,0.17133,41.26107
goe670,2.06889,-5.83298,27.5852
ah80136,3.41988,7.24391,45.5984
e376,5.00007,7.89911,66.6676
fx74080,0.99715,5.11443,13.29533
naca2412,2.18271,-5.95044,29.1028
naca16021,2.47895,6.53649,33.05267
goe415,4.55151,9.07105,60.6868
mh42,5.78351,3.29251,77.11347
davis,2.65284,-1.21304,35.3712
e392,4.57407,-8.86621,60.9876
goe801,5.04137,-2.92407,67.21827
goe801,4.87661,6.9738,65.02147
naca65210,2.42573,-7.41826,32.34307
mh43,0.53678,8.09433,7.15707
goe501,5.91606,1.99826,78.8808
goe610b,3.83383,2.78517,51.11773
e852,1.16777,8.57787,15.57027
oa209,1.10462,9.00256,14.72827
goe16k,0.62696,-1.89342,8.35947
vr11x,2.25714,-2.65488,30.0952
e335,2.34057,0.3885,31.2076
goe498,5.76437,-2.23583,76.85827
fx76mp160,5.14537,-0.24329,68.60493
fx76mp120,1.09519,8.00863,14.60253
goe432,3.18834,-0.06473,42.5112
v13006,2.17915,2.22519,29.05533
v13006,2.52225,2.63491,33.63
goe458,2.63932,6.47201,35.19093
e171,4.98482,-2.93499,66.46427
goe207,1.95702,-8.85902,26.0936
fx71120,0.82435,1.63612,10.99133
e851,5.68646,-2.89697,75.81947
goe648,2.03277,2.25009,27.1036
hq3013,5.55613,4.90854,74.08173
ag38,3.35084,-9.90026,44.67787
eh1070,4.07529,0.90865,54.3372
goe372,1.27573,-1.08497,17.00973
mh82,1.06892,6.2637,14.25227
fx61140,4.47759,-9.86684,59.7012
s9000,5.17385,-5.78998,68.98467
e1211,1.12368,-7.36936,14.9824
du8608418,1.62279,5.09203,21.6372
sc20606,4.68607,6.68822,62.48093
eiffel371,3.88012,-0.23149,51.73493
mh112,4.61458,2.45223,61.52773
dsma523b,3.93792,4.40583,52.5056
ssca07,5.18101,-5.17009,69.08013
e543,4.77593,3.87034,63.67907
eh2010,4.56941,-2.49048,60.92547
rc510,2.72808,8.52745,36.3744
s1221-flap,3.03351,6.51575,40.4468
df102,4.52682,1.15359,60.3576
fx66s196,2.91727,7.36551,38.89693
goe432,0.92852,-5.9243,12.38027
goe13k,1.72356,-5.35605,22.9808
c141d,0.96308,2.79424,12.84107
b737b,4.14225,-3.80657,55.23
sc20606,3.56516,-9.50673,47.53547
naca001234,5.32247,-4.00047,70.96627
e423,3.56865,-6.3675,47.582
cap21c,5.0705,3.94095,67.60667
mh26,4.21965,-2.23533,56.262
goe567,2.78258,-1.72039,37.10107
naca632a015,0.84628,-1.52938,11.28373
ms313,1.58679,-4.8448,21.1572
hq3510,2.14555,-0.91942,28.60733
n0012,4.86947,-9.26605,64.92627
rae5215,3.99531,-5.75834,53.2708
goe405,1.9968,-7.15743,26.624
n2414,1.1447,4.86605,15.26267
clarkysm,5.76539,4.11957,76.87187
ames01,3.98975,-2.32173,53.19667
rc12n1,4.41774,-7.54992,58.9032
goe420,2.36928,1.7678,31.5904
mh83,1.31806,3.66198,17.57413
waspsm,1.30517,-1.56864,17.40227
goe443,2.58263,7.38745,34.43507
e434,5.52592,3.34668,73.67893
e220,2.63046,4.02063,35.0728
goe460,1.74156,4.75947,23.2208
naca644421,3.51348,-4.55185,46.8464
s1016,3.52908,-5.95131,47.0544
mh44,3.14559,2.4277,41.9412
mrc-20,2.96979,5.63357,39.5972
e473,0.79056,2.55362,10.5408
kc135winglet,0.83303,9.9825,11.10707
e638,3.07984,-3.02191,41.06453
goe244,2.42115,-6.52213,32.282
ag08,2.35411,2.7527,31.38813
rc12b3,5.4411,7.03675,72.548
ah79100c,3.17634,3.35666,42.3512
goe573,3.67968,2.41421,49.0624
nacam3,2.40578,6.79564,32.07707
mh122,2.80788,-1.53121,37.4384
goe331,1.33417,-1.45869,17.78893
isa962,5.08396,-5.07281,67.78613
e1233,0.81244,-7.81132,10.83253
goe619,4.85225,5.38773,64.69667
goe495,1.04421,-7.35977,13.9228
b707a,1.83315,-3.39258,24.442
goe387,0.7566,1.23743,10.088
hq2090sm,3.24789,2.85531,43.3052
naca662415,2.68351,-1.38927,35.78013
giiih,5.01795,-4.68762,66.906
naca001034a08cli02,4.85743,1.8136,64.76573
naca663418,2.57791,8.93827,34.37213
rhodesg30,2.16094,-0.27456,28.81253
goe342,5.31153,-0.06849,70.8204
goe574,3.28999,4.65662,43.86653
goe424,5.32987,4.5738,71.06493
fx78k140,0.85363,-1.5628,11.38173
glennmartin4,2.34583,-2.31573,31.27773
s818,2.98806,-7.06262,39.8408
e336,2.36222,-4.20762,31.49627
goe511,4.5745,2.1959,60.99333
hq2512,0.91817,5.61995,12.24227
goe239,3.24839,-3.87074,43.31187
clarkysm,4.14671,3.61609,55.28947
s1221-flap,2.49496,-7.58891,33.26613
fx74130wp2mod,2.54846,-4.40606,33.97947
fx84w140,3.79125,-2.86242,50.55
goe494,5.81112,7.36145,77.4816
s4233,3.48214,-0.08657,46.42853
goe241,5.23336,-0.25347,69.77813
l188root,4.46962,-2.16038,59.59493
goe420,2.41229,-1.5551,32.16387
sc20614,3.24674,-6.08246,43.28987
e1213,4.83103,-5.73877,64.41373
ah93k130,5.79207,2.87822,77.2276
naca16012,2.87873,-8.25932,38.38307
ag35,2.49344,-8.61638,33.24587
s803,4.92701,-0.32125,65.69347
m27,3.29316,9.63926,43.9088
m27,4.88947,9.73642,65.19293
usa33,1.49478,0.38821,19.9304
marske2,4.18659,9.77048,55.8212
goe627,0.86591,4.30245,11.54547
sg6051,5.91143,5.77527,78.81907
fx76mp120,5.59159,5.01147,74.55453
dsma523b,1.35763,-9.24237,18.10173
s9037,4.81267,-4.2308,64.16893
e548,5.95677,3.46128,79.4236
s802,2.84728,-9.53589,37.96373
usa98,3.4563,6.66331,46.084
goe457,2.54197,-9.45579,33.89293
vr8b,1.76596,-9.52366,23.54613
fx79l100,5.31777,4.64919,70.9036
ag11,0.72825,-6.2281,9.71
fx76120,4.08078,-2.33112,54.4104
goe574,2.80423,-8.00296,37.38973
p51droot,2.69278,-0.98193,35.90373
ea61012,1.35651,8.60751,18.0868
goe14,5.77342,-8.87079,76.97893
ah93w300,0.79305,-0.07352,10.574
goe29b,5.26429,-0.88009,70.19053
rg1495,1.47671,-1.77728,19.68947
goe596,3.98492,9.93698,53.13227
ag03,4.73079,2.37699,63.0772
sg6051,5.73902,-4.289,76.52027
s3014,2.39974,-0.90916,31.99653
goe140,1.46249,3.83513,19.49987
joukowsk,1.93473,6.83937,25.7964
b707c,4.35553,7.12613,58.07373
s832,1.86226,1.2503,24.83013
mh22,4.28789,-6.20151,57.17187
e560,3.37585,9.31645,45.01133
e197,1.65622,8.30203,22.08293
oaf102,2.47679,-6.77978,33.02387
sc20010,3.27371,5.39038,43.64947
goe417a,5.13058,-4.76902,68.40773
goe409,1.66616,3.29717,22.21547
goe723,2.64148,-2.01246,35.21973
goe449,1.54967,-3.54536,20.66227
m4,3.20187,7.18752,42.6916
goe491,1.19301,-6.98453,15.9068
naca16018,2.74766,-7.01924,36.63547
goe81,3.55501,2.67332,47.40013
goe522,5.37237,2.27277,71.6316
m27,3.16016,-9.33481,42.13547
e224,3.18714,8.38522,42.4952
goe563,4.82338,0.59733,64.31173
goe244,0.85523,9.59844,11.40307
fx61147,0.75681,4.386,10.0908
s102s,5.42962,1.20243,72.39493
npl9626,2.72475,-7.6986,36.33
goe504,3.42404,-4.76142,45.65387
goe282,0.87284,-3.9081,11.63787
fx83w227,4.13483,-8.29064,55.13107
e376,2.35632,-3.58216,31.4176
naca23021,4.94074,-1.38899,65.87653
vr15,1.01193,8.76338,13.4924
goe368,4.64091,8.9418,61.8788
naca633018,2.8485,-0.53946,37.98
n64015a,3.10355,8.00611,41.38067
goe277,3.89614,-3.87342,51.94853
wb13535sm,4.02499,-3.69733,53.66653
goe633,1.54759,5.50247,20.63453
goe509,4.24454,3.86494,56.59387
raf38,3.25377,-5.34609,43.3836
fx73k170,3.105,-4.39591,41.4
e852,4.2019,-1.74381,56.02533
goe476,2.12126,1.32323,28.28347
goe364,5.17601,-1.29176,69.01347
e266,0.90217,-3.99807,12.02893
naca643218,3.24342,4.6542,43.2456
e558,2.92403,7.22628,38.98707
goe376,5.33225,7.00152,71.09667
s2055,3.57855,0.84239,47.714
raf33,4.25046,-9.74053,56.6728
naca4418,0.89165,7.79267,11.88867
goe515,0.76816,-2.27604,10.24213
pw98mod,0.75627,-2.41621,10.0836
e203,1.69274,9.00975,22.56987
goe548,5.60057,-4.56785,74.67427
fx711530,3.41639,-8.79006,45.55187
nacam6,3.77916,9.46394,50.3888
fx63158,5.53877,-0.16118,73.85027
goe240,2.87971,7.2654,38.39613
raf30md,0.9393,-7.6569,12.524
e228,3.21438,1.89622,42.8584
s102s,5.66762,-5.64136,75.56827
goe622,2.60334,-0.40776,34.7112
coanda1,3.72965,6.12073,49.72867
s1221-flap,5.39466,-7.65765,71.9288
goe199,2.50095,5.73653,33.346
aquilasm,3.01913,5.99861,40.25507
n5h15,5.22983,-5.47179,69.73107
goe803h,1.66959,-6.5547,22.2612
s826,4.19175,-2.77406,55.89
strand,2.16191,-6.82231,28.82547
s4053,4.19437,-1.6174,55.92493
naca65410,1.70065,-7.91384,22.67533
nlf416,3.2369,-2.98269,43.15867
usa98,0.51544,4.75323,6.87253
m21,5.5196,2.88258,73.59467
goe559,3.98577,-9.06465,53.1436
goe619,1.41067,-0.00288,18.80893
th25816,2.18857,7.39399,29.18093
e637,3.54746,9.70364,47.29947
goe670,5.39661,-3.9604,71.9548
e603,1.56787,-6.61441,20.90493
sd7043,2.73488,-8.33747,36.46507
b707e,1.12354,1.67976,14.98053
e392,5.1779,5.84948,69.03867
cap21c,1.35687,1.02414,18.0916
goe309,4.57176,-8.52818,60.9568
goe474,1.56171,0.57101,20.8228
goe434,1.61262,-2.86204,21.5016
rg149,4.99673,-2.16812,66.62307
goe449,0.98304,-8.36042,13.1072
naca661212,4.16061,8.0223,55.4748
goe464,2.53154,-1.59445,33.75387
marske4,4.23375,-7.87113,56.45
s821,4.37959,-1.02311,58.39453
goe735,0.66437,-4.89739,8.85827
n12,1.80285,-1.60033,24.038
ea61009,5.646,0.47226,75.28
e266,3.2846,5.31738,43.79467
e818,2.44462,-0.44367,32.59493
goe652,2.86922,2.4137,38.25627
goe360,0.54388,6.14931,7.25173
s813,0.86513,3.71129,11.53507
goe278,2.37618,-2.84942,31.6824
goe591,0.56321,-6.90857,7.50947
mh62,3.19076,9.23764,42.54347
goe121,0.57866,-3.35261,7.71547
e403,4.62544,1.8851,61.67253
fx63137sm,4.53781,-3.38899,60.50413
eiffel385,5.09919,-8.23322,67.9892
goe14k,3.7995,2.50436,50.66
fx77w153,3.31204,6.79743,44.16053
goe309,4.36644,9.63013,58.2192
cp-080-050,2.72436,2.74243,36.3248
fx76120,3.0067,9.51709,40.08933
wb13535sm,4.19676,-9.70065,55.9568
ah93w174,3.97554,0.56023,53.0072
goe777,0.72289,-2.41963,9.63853
raf32md,5.64321,8.00991,75.2428
v43012,5.38185,-3.69472,71.758
e168,2.35213,0.73968,31.36173
goe310,3.71474,5.21121,49.52987
sc20606,3.24063,2.00514,43.2084
e553,4.44957,-1.38619,59.3276
goe646,4.96986,-6.98397,66.2648
fx66s171,0.76322,9.52095,10.17627
ua2-180sm,3.37201,5.9731,44.96013
sc2110,5.85158,5.81442,78.02107
naca23112,1.86602,2.01821,24.88027
dga1182,0.83701,-9.53427,11.16013
goe137,5.13771,1.04273,68.5028
goe310,2.18631,-3.09021,29.1508
n12,1.23202,3.49266,16.42693
v23010,1.95352,6.2871,26.04693
nn7mk20,1.31837,-1.15073,17.57827
naca16006,5.49235,-5.22947,73.23133
goe417,2.58514,4.02291,34.46853
goe15k,2.23895,-3.97157,29.85267
r140sm,0.6757,-7.50251,9.00933
clarkyh,4.26868,-9.15506,56.91573
goe535,2.98443,-2.27181,39.7924
mh201,5.2435,-5.01045,69.91333
goe400,4.51753,-3.52413,60.23373
raf30,5.72529,-1.33651,76.3372
ah93w174,3.83122,-5.79572,51.08293
s820,1.61455,9.83894,21.52733
eiffel385,5.15164,-6.91226,68.68853
cap21c,3.15856,4.81078,42.11413
goe182,2.25647,-2.83155,30.08627
goe301,5.62642,9.88215,75.01893
goe619,0.71226,7.10066,9.4968
fx74modsm,5.40849,1.33123,72.1132
ag24,3.27163,3.88087,43.62173
mrc-20,5.10054,5.11777,68.0072
rc10b3,0.95238,-2.58661,12.6984
fxlv152,5.82938,3.13659,77.72507
m24,5.66017,-9.06518,75.46893
goe227,4.66511,5.62417,62.20147
goe442,3.82537,2.63576,51.00493
e431,1.25685,-1.24665,16.758
fx6617a2,0.65007,5.56384,8.6676
oa206,5.67118,7.336,75.61573
goe15,1.09173,0.91661,14.5564
s102b,3.42711,-0.05236,45.6948
ah21-9,1.57226,2.95796,20.96347
goe274,3.22975,5.15915,43.06333
goe361,5.75587,2.85616,76.74493
ls413mod,2.96541,-4.44071,39.5388
goe570,1.18207,4.04852,15.76093
sc20712,1.40125,5.08107,18.68333
s4053,4.44029,0.66627,59.20387
giiih,0.92718,9.4335,12.3624
e682,5.5295,-8.13659,73.72667
p51dtip,3.00268,-8.33938,40.03573
goe388,5.06203,-9.57548,67.49373
s8066,1.68836,-2.6873,22.51147
goe228,2.31907,-6.86302,30.92093
npl9627,3.70631,-2.29537,49.41747
goe244,4.71561,2.57304,62.8748
goe282,4.58212,7.32213,61.09493
e664,5.4999,-7.16316,73.332
n11,3.43438,5.94945,45.79173
rae5214,1.98282,-3.73081,26.4376
goe124,5.85334,8.9966,78.04453
mh18,3.9594,-3.42798,52.792
kc135d,3.76343,-3.99057,50.17907
e66,3.37105,-2.9082,44.94733
marske3,2.46841,-3.07394,32.91213
goe164,3.23693,6.77926,43.15907
giiih,4.95315,-7.9817,66.042
goe627,1.36303,-4.79671,18.17373
naca2421,4.14527,9.53301,55.27027
b540ols,2.91239,7.21446,38.83187
goe546,4.13818,0.28984,55.17573
goe595,5.30894,7.87575,70.78587
hq3015,1.63172,-2.37883,21.75627
s816,4.56876,0.06807,60.9168
rg14a147,4.49235,6.56035,59.898
naca16021,0.72142,1.65849,9.61893
s2055,2.64898,0.5633,35.31973
fx73k170,0.57647,-1.12755,7.68627
goe264,3.04455,-2.97013,40.594
sd7062,2.64193,6.92882,35.22573
hq1585,3.32869,-9.29883,44.38253
e377m,5.5898,-4.54662,74.53067
e520,5.05756,-9.26376,67.43413
goe06k,5.80244,-8.69286,77.36587
davis-corrected,2.03081,7.13413,27.07747
n64012a,3.16166,-1.18271,42.15547
m26,1.59603,-7.03365,21.2804
goe587,1.08423,6.09998,14.4564
nl722362,4.88986,-5.2112,65.19813
naca662415,2.92762,8.05434,39.03493
naca16015,4.18882,-5.69109,55.85093
n64212mb,2.23703,-5.98549,29.82707
goe450,1.82991,4.62999,24.3988
goe446,5.58933,4.20349,74.5244
naca633018,3.30386,-6.12917,44.05147
naca63209,1.48281,5.20212,19.7708
goe494,1.08994,-5.76626,14.53253
fx60100sm,1.55617,-2.74083,20.74893
goe523,3.32566,-5.55424,44.34213
n64212ma,5.65984,-8.76546,75.46453
goe596,4.67307,-1.65175,62.3076
usa27,5.20457,8.25612,69.39427
eiffel385,5.94391,-3.6637,79.25213
e554,5.22765,-6.08584,69.702
fx72150b,3.85591,9.47213,51.41213
marske1,5.56284,-6.85336,74.1712
naca0006,0.60846,8.7134,8.1128
fx84w097,4.43796,-8.37732,59.1728
naca16021,2.09726,-7.24265,27.96347
goe174,1.68195,3.19441,22.426
e186,3.28672,9.12913,43.82293
fx61168,0.60082,9.63549,8.01093
s8035,0.85044,5.75793,11.3392
goe494,5.438,-2.28119,72.50667
cp-100-050,2.35723,-2.96912,31.42973
s829,3.42284,2.86432,45.63787
hs1620,2.22077,-4.96551,29.61027
goe515,0.67937,-7.4941,9.05827
dae21,5.66155,-2.32584,75.48733
goe174,5.73363,3.40044,76.4484
goe318,5.13326,3.04702,68.44347
goe380,5.32044,-7.53892,70.9392
goe388,4.90408,-2.67474,65.38773
apex16,4.96785,6.62568,66.238
naca25112,3.37511,-4.06105,45.00147
mh26,5.25964,7.53694,70.12853
strand,3.8009,5.33276,50.67867
fx79w470a,1.06603,0.50498,14.21373
c5b,1.28368,-9.03346,17.11573
giiid,2.158,3.45841,28.77333
goe570,3.62441,-4.44394,48.32547
naca65209,3.13422,7.31993,41.7896
sg6041,5.21006,8.03534,69.46747
sd7034,2.36677,-4.02389,31.55693
e585,1.82939,-0.1916,24.39187
goe460,4.95463,0.33649,66.06173
fx72150a,2.73398,1.115,36.45307
e694,2.46738,1.97992,32.8984
s823,5.42903,4.88033,72.38707
mh70,5.41651,-9.0776,72.22013
